,AAPL,MSFT,GOOGL
AAPL,1.0,0.4452769647436368,0.44899305321536376
MSFT,0.4452769647436368,1.0,0.45183708675596357
GOOGL,0.44899305321536376,0.45183708675596357,1.0
